Date,Open,High,Low,Close,Adj Close,Volume
2017-06-21,43.380001,44.200001,42.049999,42.529999,42.529999,894104
2017-06-22,42.549999,43.320000,42.259998,42.740002,42.740002,1071747
2017-06-23,42.799999,43.200001,42.529999,43.009998,43.009998,668830
2017-06-25,null,null,null,null,null,null
2017-06-26,43.160000,43.650002,42.630001,43.380001,43.380001,690906
2017-06-27,43.490002,44.439999,43.320000,44.240002,44.240002,661354
2017-06-28,43.700001,44.900002,43.669998,44.740002,44.740002,759115
2017-06-29,44.889999,45.450001,44.650002,44.930000,44.930000,753375
2017-06-30,44.889999,46.349998,44.880001,46.040001,46.040001,768946
2017-07-02,null,null,null,null,null,null
2017-07-03,null,null,null,null,null,null
2017-07-05,47.040001,47.320000,44.509998,45.130001,45.130001,517621
2017-07-06,45.650002,46.529999,45.180000,45.520000,45.520000,1173581
2017-07-07,45.349998,45.419998,43.779999,44.230000,44.230000,969676
2017-07-09,null,null,null,null,null,null
2017-07-10,44.349998,44.840000,43.650002,44.400002,44.400002,975914
2017-07-11,44.580002,45.810001,43.830002,45.040001,45.040001,848570
2017-07-12,45.740002,46.480000,45.110001,45.490002,45.490002,1010691
2017-07-13,45.439999,46.279999,44.990002,46.080002,46.080002,963505
2017-07-14,46.080002,46.740002,45.799999,46.540001,46.540001,748971
2017-07-16,null,null,null,null,null,null
2017-07-17,46.680000,46.880001,45.889999,46.020000,46.020000,742895
2017-07-18,45.990002,46.919998,45.810001,46.400002,46.400002,560633
2017-07-19,46.250000,47.259998,46.139999,47.119999,47.119999,208420
2017-07-20,47.090000,47.549999,46.660000,46.790001,46.790001,140677
2017-07-21,46.910000,47.209999,45.540001,45.770000,45.770000,720621
2017-07-23,null,null,null,null,null,null
2017-07-24,45.619999,46.529999,45.400002,46.340000,46.340000,769438
2017-07-25,46.459999,48.660000,46.380001,47.889999,47.889999,707910
2017-07-26,48.509998,48.869999,47.860001,48.750000,48.750000,885700
2017-07-27,48.700001,49.240002,48.250000,49.040001,49.040001,887864
2017-07-28,49.169998,49.810001,48.860001,49.709999,49.709999,880757
2017-07-30,null,null,null,null,null,null
2017-07-31,49.849998,50.410000,49.180000,50.169998,50.169998,771225
2017-08-01,50.209999,50.430000,48.369999,49.160000,49.160000,781539
2017-08-02,48.799999,49.650002,48.549999,49.590000,49.590000,1008583
2017-08-03,49.590000,49.959999,48.779999,49.029999,49.029999,847722
2017-08-04,48.950001,49.639999,48.500000,49.580002,49.580002,837763
2017-08-06,null,null,null,null,null,null
2017-08-07,49.590000,49.730000,48.540001,49.389999,49.389999,745664
2017-08-08,49.310001,49.790001,48.860001,49.169998,49.169998,831374
2017-08-09,49.000000,49.720001,48.900002,49.560001,49.560001,924240
2017-08-10,49.680000,50.220001,48.349998,48.590000,48.590000,858250
2017-08-11,48.520000,48.980000,47.980000,48.820000,48.820000,1135440
2017-08-13,null,null,null,null,null,null
2017-08-14,48.790001,49.160000,47.430000,47.590000,47.590000,804237
2017-08-15,47.490002,47.900002,47.020000,47.549999,47.549999,763241
2017-08-16,47.720001,47.990002,46.669998,46.779999,46.779999,770358
2017-08-17,46.799999,47.189999,46.459999,47.090000,47.090000,815544
2017-08-18,46.930000,48.740002,46.779999,48.509998,48.509998,608314
2017-08-20,null,null,null,null,null,null
2017-08-21,48.720001,48.750000,47.029999,47.369999,47.369999,253069
2017-08-22,47.450001,48.029999,47.200001,47.639999,47.639999,129192
2017-08-23,47.639999,48.500000,47.529999,48.410000,48.410000,864387
2017-08-24,48.360001,48.430000,47.060001,47.430000,47.430000,701693
2017-08-25,47.619999,47.910000,47.389999,47.869999,47.869999,831358
2017-08-27,null,null,null,null,null,null
2017-08-28,47.889999,48.200001,46.150002,46.570000,46.570000,646518
2017-08-29,46.860001,46.959999,45.759998,46.439999,46.439999,921285
2017-08-30,46.310001,46.720001,45.840000,45.959999,45.959999,895643
2017-08-31,45.950001,47.470001,45.580002,47.230000,47.230000,895643
2017-09-01,47.080002,47.349998,46.560001,47.290001,47.290001,882983
2017-09-03,null,null,null,null,null,null
2017-09-05,47.279999,48.980000,47.150002,48.660000,48.660000,915708
2017-09-06,48.590000,49.419998,48.520000,49.160000,49.160000,742808
2017-09-07,49.139999,49.330002,48.630001,49.090000,49.090000,788963
2017-09-08,49.090000,49.259998,47.270000,47.480000,47.480000,702514
2017-09-10,null,null,null,null,null,null
2017-09-11,47.580002,48.270000,47.000000,48.070000,48.070000,843760
2017-09-12,48.119999,48.439999,47.730000,48.230000,48.230000,774468
2017-09-13,48.340000,49.400002,48.119999,49.299999,49.299999,676040
2017-09-14,49.310001,50.500000,49.150002,49.889999,49.889999,706925
2017-09-15,49.720001,50.130001,49.410000,49.889999,49.889999,709035
2017-09-17,null,null,null,null,null,null
2017-09-18,49.849998,50.330002,49.189999,49.910000,49.910000,433597
2017-09-19,49.910000,50.419998,49.330002,49.480000,49.480000,189605
2017-09-20,49.840000,50.650002,49.750000,50.410000,50.410000,143379
2017-09-21,50.720001,50.810001,50.070000,50.549999,50.549999,754413
2017-09-22,50.730000,50.779999,50.290001,50.660000,50.660000,580569
2017-09-24,null,null,null,null,null,null
2017-09-25,50.680000,52.279999,50.389999,52.220001,52.220001,473795
2017-09-26,52.119999,52.430000,51.430000,51.880001,51.880001,701244
2017-09-27,52.090000,52.340000,51.630001,52.139999,52.139999,709515
2017-09-28,52.049999,52.860001,51.220001,51.560001,51.560001,637035
2017-09-29,51.580002,51.770000,51.250000,51.669998,51.669998,801816
2017-10-01,null,null,null,null,null,null
2017-10-02,51.639999,51.709999,50.070000,50.580002,50.580002,551982
2017-10-03,50.590000,50.730000,50.139999,50.419998,50.419998,600933
2017-10-04,50.160000,50.669998,49.759998,49.980000,49.980000,462735
2017-10-05,49.880001,51.220001,49.849998,50.790001,50.790001,598836
2017-10-06,50.750000,50.820000,49.099998,49.290001,49.290001,654385
2017-10-08,null,null,null,null,null,null
2017-10-09,49.250000,49.790001,49.130001,49.580002,49.580002,743114
2017-10-10,49.549999,51.060001,49.540001,50.919998,50.919998,505079
2017-10-11,50.939999,51.419998,50.610001,51.299999,51.299999,664839
2017-10-12,51.000000,51.130001,50.150002,50.599998,50.599998,651948
2017-10-13,50.730000,51.720001,50.700001,51.450001,51.450001,729273
2017-10-15,null,null,null,null,null,null
2017-10-16,51.430000,52.369999,51.349998,51.869999,51.869999,667497
2017-10-17,51.930000,52.250000,51.209999,51.880001,51.880001,520725
2017-10-18,51.939999,52.330002,51.689999,52.040001,52.040001,471612
2017-10-19,52.049999,52.169998,51.070000,51.290001,51.290001,152620
2017-10-20,51.419998,51.730000,50.700001,51.470001,51.470001,127413
2017-10-22,null,null,null,null,null,null
2017-10-23,52.070000,52.299999,51.680000,51.900002,51.900002,674142
2017-10-24,51.889999,52.619999,51.549999,52.470001,52.470001,583563
2017-10-25,52.560001,52.570000,51.889999,52.180000,52.180000,709553
2017-10-26,52.189999,52.860001,51.910000,52.639999,52.639999,681739
2017-10-27,52.799999,54.200001,52.250000,53.900002,53.900002,594647
2017-10-29,null,null,null,null,null,null
2017-10-30,54.160000,54.459999,53.750000,54.150002,54.150002,730915
2017-10-31,54.080002,54.849998,53.930000,54.380001,54.380001,565043
2017-11-01,54.650002,55.220001,53.889999,54.299999,54.299999,497295
2017-11-02,54.279999,54.840000,53.990002,54.540001,54.540001,671038
2017-11-03,54.730000,55.759998,54.400002,55.639999,55.639999,482846
2017-11-05,null,null,null,null,null,null
2017-11-06,55.970001,57.610001,55.660000,57.349998,57.349998,614159
2017-11-07,57.270000,57.689999,56.830002,57.200001,57.200001,861713
2017-11-08,56.959999,57.919998,56.410000,56.810001,56.810001,750187
2017-11-09,56.849998,57.529999,56.689999,57.169998,57.169998,919147
2017-11-10,57.020000,57.349998,56.549999,56.740002,56.740002,666949
2017-11-12,null,null,null,null,null,null
2017-11-13,56.900002,57.150002,56.299999,56.759998,56.759998,541296
2017-11-14,56.720001,56.770000,54.810001,55.700001,55.700001,631619
2017-11-15,55.060001,55.560001,54.880001,55.330002,55.330002,707338
2017-11-16,55.299999,55.619999,54.930000,55.139999,55.139999,501385
2017-11-17,55.250000,56.680000,55.180000,56.549999,56.549999,213923
2017-11-19,null,null,null,null,null,null
2017-11-20,56.689999,56.759998,55.570000,56.090000,56.090000,184944
2017-11-21,56.380001,57.220001,56.320000,56.830002,56.830002,593241
2017-11-22,57.119999,58.150002,57.029999,58.020000,58.020000,619066
2017-11-24,null,null,null,null,null,null
2017-11-26,null,null,null,null,null,null
2017-11-27,58.950001,58.990002,57.549999,58.110001,58.110001,577826
2017-11-28,57.860001,58.110001,57.419998,57.990002,57.990002,690078
2017-11-29,57.730000,58.299999,56.750000,57.299999,57.299999,546526
2017-11-30,57.410000,57.980000,56.820000,57.400002,57.400002,741564
2017-12-01,57.419998,58.880001,57.290001,58.360001,58.360001,735128
2017-12-03,null,null,null,null,null,null
2017-12-04,58.320000,58.340000,57.349998,57.470001,57.470001,685215
2017-12-05,57.480000,57.919998,57.080002,57.619999,57.619999,529965
2017-12-06,57.450001,57.570000,55.869999,55.959999,55.959999,499245
2017-12-07,56.000000,56.779999,55.820000,56.689999,56.689999,678992
2017-12-08,56.650002,57.790001,56.540001,57.360001,57.360001,557325
2017-12-10,null,null,null,null,null,null
2017-12-11,57.250000,58.080002,56.910000,57.990002,57.990002,681599
2017-12-12,58.020000,58.560001,56.849998,57.139999,57.139999,606724
2017-12-13,57.450001,57.830002,56.549999,56.599998,56.599998,826488
2017-12-14,56.700001,57.220001,56.090000,57.040001,57.040001,658143
2017-12-15,57.150002,57.490002,56.939999,57.299999,57.299999,580571
2017-12-17,null,null,null,null,null,null
2017-12-18,57.369999,57.779999,56.820000,57.160000,57.160000,210054
2017-12-19,57.299999,57.639999,57.160000,57.459999,57.459999,137151
2017-12-20,57.660000,58.119999,57.439999,58.090000,58.090000,420784
2017-12-21,58.020000,58.380001,57.630001,58.360001,58.360001,420844
2017-12-22,58.209999,58.500000,57.869999,58.470001,58.470001,405320
2017-12-24,null,null,null,null,null,null
2017-12-26,58.400002,60.009998,58.320000,59.970001,59.970001,324554
2017-12-27,59.790001,59.930000,59.330002,59.639999,59.639999,437785
2017-12-28,59.529999,59.939999,59.439999,59.840000,59.840000,402396
2017-12-29,59.910000,60.509998,59.820000,60.419998,60.419998,345962
2017-12-31,null,null,null,null,null,null
2018-01-02,60.200001,60.740002,60.099998,60.369999,60.369999,464478
2018-01-03,60.389999,61.970001,60.279999,61.630001,61.630001,510313
2018-01-04,61.959999,62.209999,61.590000,62.009998,62.009998,673859
2018-01-05,61.900002,62.040001,61.090000,61.439999,61.439999,654363
2018-01-07,null,null,null,null,null,null
2018-01-08,61.610001,61.970001,61.340000,61.730000,61.730000,563036
2018-01-09,61.919998,63.480000,61.799999,62.959999,62.959999,616474
2018-01-10,63.410000,63.669998,63.090000,63.570000,63.570000,844720
2018-01-11,63.500000,64.769997,63.430000,63.799999,63.799999,697844
2018-01-12,63.570000,64.500000,63.060001,64.300003,64.300003,876642
2018-01-14,null,null,null,null,null,null
2018-01-16,64.430000,64.889999,63.389999,63.730000,63.730000,678727
2018-01-17,63.889999,64.169998,63.310001,63.970001,63.970001,867771
2018-01-18,64.070000,64.349998,63.470001,63.950001,63.950001,444384
2018-01-19,63.740002,63.770000,62.849998,63.369999,63.369999,204504
2018-01-21,null,null,null,null,null,null
2018-01-22,63.610001,64.139999,63.169998,63.490002,63.490002,142711
2018-01-23,63.880001,64.879997,63.700001,64.470001,64.470001,625662
2018-01-24,64.419998,66.050003,64.339996,65.610001,65.610001,662456
2018-01-25,65.879997,66.660004,65.080002,65.510002,65.510002,887018
2018-01-26,65.250000,66.349998,64.910004,66.139999,66.139999,771758
2018-01-28,null,null,null,null,null,null
2018-01-29,66.180000,66.459999,64.980003,65.559998,65.559998,678186
2018-01-30,65.529999,65.559998,63.889999,64.500000,64.500000,656168
2018-01-31,64.029999,64.940002,63.669998,64.730003,64.730003,688380
2018-02-01,64.760002,66.250000,64.629997,65.800003,65.800003,613258
2018-02-02,65.989998,66.300003,64.470001,65.449997,65.449997,685750
2018-02-04,null,null,null,null,null,null
2018-02-05,65.099998,65.400002,63.419998,64.150002,64.150002,857572
2018-02-06,63.430000,64.290001,63.119999,63.389999,63.389999,891063
2018-02-07,63.919998,64.180000,61.250000,61.790001,61.790001,797814
2018-02-08,61.700001,62.090000,60.270000,61.150002,61.150002,1029408
2018-02-09,60.430000,60.770000,58.070000,59.200001,59.200001,929578
2018-02-11,null,null,null,null,null,null
2018-02-12,59.119999,60.830002,59.099998,59.290001,59.290001,933307
2018-02-13,59.349998,59.730000,58.389999,59.189999,59.189999,736917
2018-02-14,58.980000,60.900002,58.200001,60.599998,60.599998,580600
2018-02-15,60.709999,61.639999,59.720001,61.340000,61.340000,650324
2018-02-16,61.450001,61.990002,60.880001,61.680000,61.680000,340401
2018-02-18,null,null,null,null,null,null
2018-02-20,61.630001,62.740002,61.580002,61.900002,61.900002,181179
2018-02-21,61.630001,61.860001,60.919998,61.680000,61.680000,794481
2018-02-22,61.340000,63.090000,60.750000,62.770000,62.770000,466924
2018-02-23,62.599998,63.730000,62.330002,63.549999,63.549999,592603
2018-02-25,null,null,null,null,null,null
2018-02-26,63.599998,64.239998,63.060001,63.910000,63.910000,460597
2018-02-27,64.059998,64.080002,62.639999,63.009998,63.009998,469853
2018-02-28,62.790001,63.439999,61.360001,61.639999,61.639999,562670
2018-03-01,61.549999,61.830002,60.180000,60.990002,60.990002,768409
2018-03-02,61.340000,61.599998,60.130001,61.250000,61.250000,812505
2018-03-04,null,null,null,null,null,null
2018-03-05,61.549999,62.790001,61.099998,62.570000,62.570000,613514
2018-03-06,62.580002,63.279999,62.169998,62.599998,62.599998,599266
2018-03-07,62.299999,62.580002,60.580002,61.150002,61.150002,634953
2018-03-08,61.330002,61.400002,59.950001,60.119999,60.119999,879119
2018-03-09,60.270000,62.180000,60.139999,62.040001,62.040001,720510
2018-03-11,null,null,null,null,null,null
2018-03-12,62.099998,62.330002,60.669998,61.360001,61.360001,659722
2018-03-13,61.369999,61.970001,60.270000,60.709999,60.709999,537990
2018-03-14,60.869999,61.330002,60.110001,60.959999,60.959999,747738
2018-03-15,60.950001,61.540001,60.820000,61.189999,61.189999,665017
2018-03-16,61.189999,62.540001,61.080002,62.340000,62.340000,430201
2018-03-18,null,null,null,null,null,null
2018-03-19,62.230000,62.349998,61.360001,62.060001,62.060001,202493
2018-03-20,62.099998,63.810001,62.080002,63.400002,63.400002,115962
2018-03-21,63.720001,65.550003,63.580002,65.169998,65.169998,717709
2018-03-22,65.500000,65.739998,64.139999,64.300003,64.300003,763768
2018-03-23,64.279999,66.000000,64.110001,65.879997,65.879997,689172
2018-03-25,null,null,null,null,null,null
2018-03-26,65.900002,66.550003,65.080002,65.550003,65.550003,752994
2018-03-27,65.529999,66.410004,64.529999,65.250000,65.250000,585899
2018-03-28,64.699997,65.129997,63.720001,64.379997,64.379997,670811
2018-03-29,64.690002,65.260002,64.160004,64.940002,64.940002,697678
2018-04-01,null,null,null,null,null,null
2018-04-02,64.910004,65.419998,62.799999,63.009998,63.009998,562819
2018-04-03,62.889999,63.860001,62.860001,63.509998,63.509998,582742
2018-04-04,63.590000,63.639999,62.060001,63.369999,63.369999,527289
2018-04-05,63.599998,64.120003,63.070000,63.540001,63.540001,760596
2018-04-06,63.700001,63.790001,61.810001,62.060001,62.060001,588597
2018-04-08,null,null,null,null,null,null
2018-04-09,62.000000,63.610001,61.930000,63.419998,63.419998,753262
2018-04-10,63.299999,65.860001,63.200001,65.510002,65.510002,655831
2018-04-11,65.589996,67.449997,65.150002,66.820000,66.820000,840280
2018-04-12,66.750000,67.330002,66.000000,67.070000,67.070000,963017
2018-04-13,67.180000,67.760002,66.699997,67.389999,67.389999,687468
2018-04-15,null,null,null,null,null,null
2018-04-16,67.239998,67.739998,66.129997,66.220001,66.220001,624203
2018-04-17,66.419998,66.750000,65.559998,66.519997,66.519997,560076
2018-04-18,66.680000,68.910004,66.559998,68.470001,68.470001,486076
2018-04-19,68.750000,69.559998,67.980003,68.290001,68.290001,221664
2018-04-20,68.260002,68.620003,67.500000,68.379997,68.379997,125993
2018-04-22,null,null,null,null,null,null
2018-04-23,68.220001,69.029999,67.139999,68.639999,68.639999,724906
2018-04-24,68.949997,69.379997,67.540001,67.699997,67.699997,740941
2018-04-25,67.750000,68.180000,67.110001,68.050003,68.050003,832296
2018-04-26,68.029999,68.779999,67.709999,68.190002,68.190002,764049
2018-04-27,68.209999,68.360001,67.639999,68.099998,68.099998,660549
2018-04-29,null,null,null,null,null,null
2018-04-30,68.150002,69.339996,67.169998,68.570000,68.570000,542549
2018-05-01,68.559998,68.900002,66.849998,67.250000,67.250000,755186
2018-05-02,67.489998,68.139999,66.919998,67.930000,67.930000,694771
2018-05-03,67.680000,68.599998,67.209999,68.430000,68.430000,789367
2018-05-04,68.500000,69.970001,68.120003,69.720001,69.720001,691219
2018-05-06,null,null,null,null,null,null
2018-05-07,69.849998,70.839996,69.510002,70.730003,70.730003,690876
2018-05-08,70.029999,70.400002,67.629997,69.059998,69.059998,758916
2018-05-09,70.050003,71.360001,69.849998,71.139999,71.139999,1253566
2018-05-10,71.230003,71.889999,70.559998,71.360001,71.360001,863386
2018-05-11,71.449997,71.629997,70.449997,70.699997,70.699997,749808
2018-05-13,null,null,null,null,null,null
2018-05-14,70.540001,71.260002,70.260002,70.959999,70.959999,634145
2018-05-15,71.150002,71.919998,70.419998,71.309998,71.309998,592826
2018-05-16,71.019997,71.589996,70.660004,71.489998,71.489998,815289
2018-05-17,71.559998,72.300003,71.089996,71.489998,71.489998,574279
2018-05-18,71.599998,71.750000,70.989998,71.279999,71.279999,562639
2018-05-20,null,null,null,null,null,null
2018-05-21,71.470001,72.589996,71.250000,72.239998,72.239998,211785
2018-05-22,72.529999,72.830002,71.900002,72.129997,72.129997,119892
2018-05-23,72.110001,72.260002,71.190002,71.839996,71.839996,723458
2018-05-24,71.830002,72.000000,70.519997,70.709999,70.709999,702791
2018-05-25,70.650002,70.800003,67.419998,67.879997,67.879997,640725
2018-05-27,null,null,null,null,null,null
2018-05-29,66.489998,67.349998,65.919998,66.730003,66.730003,955354
2018-05-30,66.849998,68.669998,66.349998,68.209999,68.209999,1059750
2018-05-31,68.239998,68.300003,66.559998,67.040001,67.040001,726886
2018-06-01,67.070000,67.339996,65.510002,65.809998,65.809998,917563
2018-06-03,null,null,null,null,null,null
2018-06-04,65.709999,66.040001,64.570000,64.750000,64.750000,781103
2018-06-05,64.940002,65.570000,64.220001,65.519997,65.519997,696050
2018-06-06,65.510002,65.959999,64.269997,64.730003,64.730003,714674
2018-06-07,65.070000,66.070000,64.809998,65.949997,65.949997,708829
2018-06-08,65.980003,66.239998,65.150002,65.739998,65.739998,675041
2018-06-10,null,null,null,null,null,null
2018-06-11,65.559998,66.349998,64.849998,66.099998,66.099998,571224
2018-06-12,66.050003,66.699997,65.870003,66.360001,66.360001,558281
2018-06-13,66.010002,66.889999,65.519997,66.639999,66.639999,524411
2018-06-14,66.620003,67.160004,66.360001,66.889999,66.889999,626398
2018-06-15,66.620003,67.160004,64.290001,65.059998,65.059998,460168
2018-06-17,null,null,null,null,null,null
2018-06-18,64.400002,65.980003,63.590000,65.849998,65.849998,512591
2018-06-19,65.820000,65.900002,64.389999,65.070000,65.070000,218933
2018-06-20,65.110001,66.529999,65.010002,66.220001,66.220001,122646
2018-06-21,65.339996,66.220001,64.339996,65.540001,65.540001,801625
2018-06-22,65.930000,69.379997,65.709999,68.580002,68.580002,760719
2018-06-24,null,null,null,null,null,null
2018-06-25,68.750000,69.440002,67.779999,68.080002,68.080002,1136232
2018-06-26,68.209999,70.910004,67.720001,70.529999,70.529999,816207
2018-06-27,70.680000,73.059998,70.559998,72.760002,72.760002,848537
2018-06-28,72.269997,74.029999,72.199997,73.449997,73.449997,775155
2018-06-29,73.330002,74.459999,72.930000,74.150002,74.150002,717347
2018-07-01,null,null,null,null,null,null
2018-07-02,73.620003,74.349998,72.510002,73.940002,73.940002,602399
2018-07-03,null,null,null,null,null,null
2018-07-05,74.349998,74.800003,72.529999,72.940002,72.940002,667235
2018-07-06,73.160004,74.010002,72.139999,73.800003,73.800003,841632
2018-07-08,null,null,null,null,null,null
2018-07-09,73.870003,74.279999,72.989998,73.849998,73.849998,611419
2018-07-10,74.040001,74.699997,73.650002,74.110001,74.110001,533003
2018-07-11,74.199997,74.260002,70.019997,70.379997,70.379997,586829
2018-07-12,70.599998,71.239998,69.230003,70.330002,70.330002,861726
2018-07-13,70.379997,71.660004,69.839996,71.010002,71.010002,707887
2018-07-15,null,null,null,null,null,null
2018-07-16,70.519997,70.870003,67.580002,68.059998,68.059998,530277
2018-07-17,68.029999,68.440002,67.029999,68.080002,68.080002,530480
2018-07-18,67.610001,69.059998,67.040001,68.760002,68.760002,440727
2018-07-19,69.000000,70.169998,67.800003,69.459999,69.459999,187313
2018-07-20,69.389999,71.099998,69.370003,70.459999,70.459999,103220
2018-07-22,null,null,null,null,null,null
2018-07-23,68.169998,69.309998,67.599998,67.889999,67.889999,500967
2018-07-24,67.800003,69.050003,67.559998,68.519997,68.519997,555915
2018-07-25,68.769997,69.699997,68.199997,69.300003,69.300003,524591
2018-07-26,69.379997,69.919998,68.919998,69.610001,69.610001,622913
2018-07-27,69.580002,69.769997,68.260002,68.690002,68.690002,489059
2018-07-29,null,null,null,null,null,null
2018-07-30,69.010002,70.430000,68.800003,70.129997,70.129997,460450
2018-07-31,70.050003,70.220001,67.980003,68.760002,68.760002,463011
2018-08-01,68.430000,68.519997,67.309998,67.660004,67.660004,519070
2018-08-02,67.860001,69.360001,66.919998,68.959999,68.959999,576561
2018-08-03,68.989998,69.239998,67.870003,68.489998,68.489998,531071
2018-08-05,null,null,null,null,null,null
2018-08-06,68.650002,69.919998,68.500000,69.010002,69.010002,476615
2018-08-07,68.900002,69.830002,68.809998,69.169998,69.169998,495605
2018-08-08,69.089996,69.370003,66.320000,66.940002,66.940002,485027
2018-08-09,66.790001,67.410004,66.489998,66.809998,66.809998,760313
2018-08-10,66.739998,67.870003,66.139999,67.629997,67.629997,509401
2018-08-12,null,null,null,null,null,null
2018-08-13,67.779999,67.949997,65.709999,67.199997,67.199997,524490
2018-08-14,67.419998,68.370003,66.580002,67.040001,67.040001,578219
2018-08-15,66.620003,66.900002,64.510002,65.010002,65.010002,538484
2018-08-16,64.949997,65.519997,64.430000,65.459999,65.459999,573473
2018-08-17,65.470001,66.389999,65.300003,65.910004,65.910004,383380
2018-08-19,null,null,null,null,null,null
2018-08-20,65.910004,66.680000,65.589996,66.430000,66.430000,171403
2018-08-21,66.620003,68.099998,66.519997,67.349998,67.349998,112709
2018-08-22,66.080002,68.150002,65.980003,67.860001,67.860001,437164
2018-08-23,68.070000,68.120003,67.320000,67.830002,67.830002,581899
2018-08-24,67.900002,69.309998,67.779999,68.720001,68.720001,450690
2018-08-26,null,null,null,null,null,null
2018-08-27,68.570000,68.970001,68.339996,68.870003,68.870003,517796
2018-08-28,68.930000,69.199997,68.209999,68.529999,68.529999,332612
2018-08-29,68.540001,69.760002,68.370003,69.510002,69.510002,426833
2018-08-30,69.709999,70.500000,69.550003,70.250000,70.250000,497095
2018-08-31,70.059998,70.360001,69.639999,69.800003,69.800003,445584
2018-09-02,null,null,null,null,null,null
2018-09-04,70.120003,71.400002,69.080002,69.870003,69.870003,419739
2018-09-05,69.430000,69.589996,68.559998,68.720001,68.720001,785981
2018-09-06,68.639999,69.019997,67.000000,67.769997,67.769997,542104
2018-09-07,67.879997,68.080002,66.860001,67.750000,67.750000,633824
2018-09-09,null,null,null,null,null,null
2018-09-10,67.820000,68.519997,67.330002,67.540001,67.540001,530895
2018-09-11,67.529999,70.010002,67.480003,69.250000,69.250000,571174
2018-09-12,69.889999,71.260002,69.500000,70.370003,70.370003,676869
2018-09-13,70.239998,70.279999,68.349998,68.589996,68.589996,800543
2018-09-14,68.790001,69.910004,67.940002,68.989998,68.989998,684937
2018-09-16,null,null,null,null,null,null
2018-09-17,68.930000,69.720001,68.529999,68.910004,68.910004,611075
2018-09-18,68.800003,70.419998,68.529999,69.849998,69.849998,422294
2018-09-19,69.709999,71.500000,69.650002,71.120003,71.120003,234202
2018-09-20,71.389999,71.809998,70.730003,70.800003,70.800003,125208
2018-09-21,70.199997,71.800003,69.980003,70.779999,70.779999,607520
2018-09-23,null,null,null,null,null,null
2018-09-24,71.139999,72.739998,71.139999,72.080002,72.080002,855943
2018-09-25,72.250000,72.779999,71.889999,72.279999,72.279999,576894
2018-09-26,72.089996,72.379997,71.470001,71.570000,71.570000,551280
2018-09-27,72.010002,72.599998,71.709999,72.120003,72.120003,464463
2018-09-28,72.180000,73.730003,71.879997,73.250000,73.250000,454549
2018-09-30,null,null,null,null,null,null
2018-10-01,73.290001,75.769997,72.949997,75.300003,75.300003,544047
2018-10-02,75.419998,75.910004,74.930000,75.230003,75.230003,601451
2018-10-03,75.120003,76.900002,74.300003,76.410004,76.410004,463615
2018-10-04,76.180000,76.470001,73.879997,74.330002,74.330002,698817
2018-10-05,74.669998,75.220001,73.839996,74.339996,74.339996,687949
2018-10-07,null,null,null,null,null,null
2018-10-08,74.400002,74.580002,73.070000,74.290001,74.290001,613218
2018-10-09,74.209999,75.279999,74.000000,74.959999,74.959999,554938
2018-10-10,74.660004,75.080002,72.379997,73.169998,73.169998,623537
2018-10-11,72.680000,72.760002,70.510002,70.970001,70.970001,652737
2018-10-12,70.989998,72.010002,70.639999,71.339996,71.339996,783962
2018-10-14,null,null,null,null,null,null
2018-10-15,71.849998,72.699997,70.849998,71.779999,71.779999,626668
2018-10-16,71.720001,72.290001,71.019997,71.919998,71.919998,568610
2018-10-17,72.169998,72.430000,69.430000,69.750000,69.750000,535003
2018-10-18,70.029999,70.029999,68.470001,68.650002,68.650002,651584
2018-10-19,68.680000,69.769997,68.559998,69.120003,69.120003,215337
2018-10-21,null,null,null,null,null,null
2018-10-22,69.410004,69.650002,68.269997,69.169998,69.169998,108311
2018-10-23,69.550003,69.660004,65.739998,66.430000,66.430000,513770
2018-10-24,66.169998,67.720001,66.050003,66.820000,66.820000,853265
2018-10-25,66.360001,67.650002,65.989998,67.330002,67.330002,775963
2018-10-26,66.949997,67.879997,66.199997,67.589996,67.589996,573096
2018-10-28,null,null,null,null,null,null
2018-10-29,67.550003,67.949997,66.290001,67.040001,67.040001,595211
2018-10-30,66.680000,67.260002,65.330002,66.180000,66.180000,477487
2018-10-31,66.320000,67.000000,64.809998,65.309998,65.309998,680441
2018-11-01,64.879997,65.389999,63.110001,63.689999,63.689999,666487
2018-11-02,63.500000,63.950001,62.630001,63.139999,63.139999,790286
2018-11-04,null,null,null,null,null,null
2018-11-05,62.990002,64.139999,62.520000,63.099998,63.099998,708906
2018-11-06,62.700001,63.320000,61.310001,62.209999,62.209999,609129
2018-11-07,61.740002,63.180000,61.200001,61.669998,61.669998,761240
2018-11-08,61.639999,62.419998,60.400002,60.669998,60.669998,866628
2018-11-09,60.750000,60.790001,59.259998,60.189999,60.189999,764546
2018-11-11,null,null,null,null,null,null
2018-11-12,60.700001,61.279999,58.680000,59.930000,59.930000,821729
2018-11-13,58.880001,59.349998,54.750000,55.689999,55.689999,806219
2018-11-14,55.270000,57.369999,55.130001,56.250000,56.250000,1095643
2018-11-15,56.020000,57.259998,55.590000,56.459999,56.459999,844696
2018-11-16,56.580002,57.959999,55.889999,56.459999,56.459999,256499
2018-11-18,null,null,null,null,null,null
2018-11-19,56.720001,57.330002,55.080002,56.759998,56.759998,159001
2018-11-20,57.389999,57.439999,52.770000,53.430000,53.430000,699684
2018-11-21,53.389999,55.860001,53.389999,54.630001,54.630001,983120
2018-11-23,null,null,null,null,null,null
2018-11-25,null,null,null,null,null,null
2018-11-26,50.619999,52.250000,50.099998,51.630001,51.630001,1014667
2018-11-27,51.540001,52.380001,50.299999,51.560001,51.560001,663108
2018-11-28,52.090000,52.560001,50.060001,50.290001,50.290001,764010
2018-11-29,50.310001,52.200001,49.410000,51.450001,51.450001,831688
2018-11-30,51.270000,51.790001,49.650002,50.930000,50.930000,812721
2018-12-02,null,null,null,null,null,null
2018-12-03,52.450001,53.849998,52.029999,52.950001,52.950001,796714
2018-12-04,53.130001,54.549999,52.430000,53.250000,53.250000,758010
2018-12-06,52.930000,53.299999,50.080002,51.490002,51.490002,624914
2018-12-07,51.759998,54.220001,50.599998,52.610001,52.610001,987266
2018-12-09,null,null,null,null,null,null
2018-12-10,52.029999,52.810001,50.529999,51.000000,51.000000,987717
2018-12-11,50.889999,52.430000,50.700001,51.650002,51.650002,733225
2018-12-12,51.950001,52.880001,50.939999,51.150002,51.150002,665262
2018-12-13,51.200001,53.270000,50.349998,52.580002,52.580002,730810
2018-12-14,52.830002,52.950001,50.840000,51.200001,51.200001,733627
2018-12-16,null,null,null,null,null,null
2018-12-17,51.250000,51.869999,49.009998,49.880001,49.880001,526839
2018-12-18,49.160000,49.590000,45.790001,46.240002,46.240002,211257
2018-12-19,45.930000,48.000000,45.930000,47.200001,47.200001,120101
2018-12-20,47.389999,47.509998,45.669998,45.880001,45.880001,817721
2018-12-21,46.250000,46.770000,45.130001,45.590000,45.590000,794130
2018-12-23,null,null,null,null,null,null
2018-12-24,null,null,null,null,null,null
2018-12-26,42.849998,47.000000,42.520000,46.220001,46.220001,415859
2018-12-27,46.580002,46.700001,44.369999,44.610001,44.610001,698408
2018-12-28,45.439999,46.220001,44.419998,45.330002,45.330002,665590
2018-12-30,null,null,null,null,null,null
2018-12-31,45.220001,46.529999,44.730000,45.410000,45.410000,564385
2019-01-02,45.799999,47.779999,44.349998,46.540001,46.540001,476970
2019-01-03,46.259998,47.490002,45.349998,47.090000,47.090000,850480
2019-01-04,46.900002,49.220001,46.650002,47.959999,47.959999,788718
2019-01-06,null,null,null,null,null,null
2019-01-07,48.299999,49.790001,48.110001,48.520000,48.520000,817277
2019-01-08,48.730000,49.950001,48.310001,49.779999,49.779999,819939
2019-01-09,49.799999,52.580002,49.709999,52.360001,52.360001,765981
2019-01-10,52.180000,52.779999,51.369999,52.590000,52.590000,891922
2019-01-11,52.279999,53.310001,51.180000,51.590000,51.590000,821782
2019-01-13,null,null,null,null,null,null
2019-01-14,51.730000,52.110001,50.380001,50.509998,50.509998,812339
2019-01-15,50.779999,52.299999,50.639999,52.110001,52.110001,791527
2019-01-16,52.000000,52.520000,51.259998,52.310001,52.310001,664183
2019-01-17,52.299999,52.580002,50.980000,52.070000,52.070000,694182
2019-01-18,52.230000,53.919998,52.090000,53.799999,53.799999,288560
2019-01-20,null,null,null,null,null,null
2019-01-22,53.730000,54.240002,51.799999,52.570000,52.570000,193099
2019-01-23,52.950001,53.639999,51.860001,52.619999,52.619999,951158
2019-01-24,52.450001,53.470001,52.070000,53.130001,53.130001,702866
2019-01-25,53.169998,53.939999,52.910000,53.689999,53.689999,714415
2019-01-27,null,null,null,null,null,null
2019-01-28,53.560001,53.639999,51.330002,51.990002,51.990002,593385
2019-01-29,52.119999,53.930000,51.840000,53.310001,53.310001,650667
2019-01-30,53.240002,54.930000,53.090000,54.230000,54.230000,660527
2019-01-31,54.279999,55.369999,53.619999,53.790001,53.790001,731312
2019-02-01,54.009998,55.660000,53.369999,55.259998,55.259998,718650
2019-02-03,null,null,null,null,null,null
2019-02-04,55.320000,55.750000,53.290001,54.560001,54.560001,689566
2019-02-05,54.860001,55.209999,53.470001,53.660000,53.660000,622472
2019-02-06,53.730000,54.299999,52.860001,54.009998,54.009998,609756
2019-02-07,53.939999,54.209999,51.799999,52.639999,52.639999,606720
2019-02-08,52.590000,52.990002,52.080002,52.720001,52.720001,749010
2019-02-10,null,null,null,null,null,null
2019-02-11,52.660000,52.779999,51.230000,52.410000,52.410000,621003
2019-02-12,52.470001,54.049999,52.290001,53.099998,53.099998,750242
2019-02-13,53.349998,54.599998,53.270000,53.900002,53.900002,708312
2019-02-14,53.959999,54.680000,53.080002,54.410000,54.410000,706552
2019-02-15,54.480000,55.869999,54.240002,55.590000,55.590000,623546
2019-02-17,null,null,null,null,null,null
2019-02-19,55.779999,56.330002,55.290001,56.090000,56.090000,276907
2019-02-20,55.939999,57.549999,55.480000,56.919998,56.919998,153728
2019-02-21,57.240002,57.610001,56.639999,56.959999,56.959999,685111
2019-02-22,56.840000,57.810001,56.709999,57.259998,57.259998,546202
2019-02-24,null,null,null,null,null,null
2019-02-25,57.169998,57.529999,55.080002,55.480000,55.480000,513439
2019-02-26,55.459999,56.080002,55.020000,55.500000,55.500000,723012
2019-02-27,55.950001,57.389999,55.720001,56.939999,56.939999,538919
2019-02-28,57.000000,57.430000,56.430000,57.220001,57.220001,577227
2019-03-01,57.220001,57.880001,55.570000,55.799999,55.799999,496678
2019-03-03,null,null,null,null,null,null
2019-03-04,55.830002,57.000000,55.810001,56.590000,56.590000,684186
2019-03-05,56.450001,57.189999,56.090000,56.560001,56.560001,549396
2019-03-06,56.279999,56.400002,55.419998,56.220001,56.220001,538399
2019-03-07,56.200001,56.990002,56.080002,56.660000,56.660000,637677
2019-03-08,56.430000,56.509998,54.520000,56.070000,56.070000,628824
2019-03-10,null,null,null,null,null,null
2019-03-11,56.070000,57.009998,55.959999,56.790001,56.790001,747358
2019-03-12,56.759998,57.549999,56.740002,56.869999,56.869999,597156
2019-03-13,57.090000,58.480000,57.009998,58.259998,58.259998,652798
2019-03-14,58.349998,58.740002,58.000000,58.610001,58.610001,610616
2019-03-15,58.509998,58.950001,57.740002,58.520000,58.520000,567604
2019-03-17,null,null,null,null,null,null
2019-03-18,58.450001,59.230000,58.049999,59.090000,59.090000,507393
2019-03-19,59.009998,59.570000,58.619999,59.029999,59.029999,157241
2019-03-20,59.020000,60.119999,58.389999,59.830002,59.830002,114822
2019-03-21,59.990002,60.389999,59.660000,59.980000,59.980000,786342
2019-03-22,59.869999,60.070000,58.279999,59.040001,59.040001,655380
2019-03-24,null,null,null,null,null,null
2019-03-25,58.980000,59.349998,58.169998,58.820000,58.820000,738840
2019-03-26,59.119999,60.380001,59.040001,59.939999,59.939999,705399
2019-03-27,60.029999,60.220001,58.810001,59.410000,59.410000,685988
2019-03-28,59.400002,59.560001,58.200001,59.299999,59.299999,732150
2019-03-29,59.529999,60.730000,59.410000,60.139999,60.139999,712209
2019-03-31,null,null,null,null,null,null
2019-04-01,60.240002,61.799999,60.130001,61.590000,61.590000,705559
2019-04-02,61.810001,62.750000,61.599998,62.580002,62.580002,670808
2019-04-03,62.639999,62.990002,62.049999,62.459999,62.459999,793227
2019-04-04,62.500000,62.770000,61.889999,62.099998,62.099998,799672
2019-04-05,62.180000,63.340000,61.820000,63.080002,63.080002,684973
2019-04-07,null,null,null,null,null,null
2019-04-08,63.330002,64.480003,63.130001,64.400002,64.400002,686862
2019-04-09,64.400002,64.790001,63.680000,63.980000,63.980000,895767
2019-04-10,64.220001,64.699997,64.050003,64.610001,64.610001,790677
2019-04-11,64.480003,64.489998,63.310001,63.580002,63.580002,722216
2019-04-12,63.709999,64.650002,63.660000,63.889999,63.889999,760504
2019-04-14,null,null,null,null,null,null
2019-04-15,63.759998,63.840000,63.029999,63.400002,63.400002,625588
2019-04-16,63.570000,64.370003,62.990002,64.050003,64.050003,555858
2019-04-17,64.320000,64.610001,63.660000,63.759998,63.759998,547469
2019-04-18,63.750000,64.160004,63.459999,64.000000,64.000000,235376
2019-04-21,null,null,null,null,null,null
2019-04-22,64.000000,65.919998,64.000000,65.699997,65.699997,148238
2019-04-23,65.750000,66.599998,65.580002,66.300003,66.300003,763527
2019-04-24,66.169998,66.430000,65.660004,65.889999,65.889999,700598
2019-04-25,65.809998,66.279999,64.900002,65.209999,65.209999,678386
2019-04-26,65.129997,65.180000,62.279999,63.299999,63.299999,603001
2019-04-28,null,null,null,null,null,null
2019-04-29,62.950001,63.689999,62.459999,63.500000,63.500000,1000836
2019-04-30,63.580002,64.750000,63.299999,63.910000,63.910000,654076
2019-05-01,63.400002,63.930000,62.770000,63.599998,63.599998,750494
2019-05-02,63.610001,63.680000,60.950001,61.810001,61.810001,676872
2019-05-03,61.549999,62.520000,61.299999,61.939999,61.939999,914661
2019-05-05,null,null,null,null,null,null
2019-05-06,61.430000,62.950001,60.040001,62.250000,62.250000,646866
2019-05-07,62.169998,62.490002,60.660000,61.400002,61.400002,768810
2019-05-08,61.439999,62.369999,61.070000,62.119999,62.119999,842810
2019-05-09,62.020000,62.209999,60.919998,61.700001,61.700001,791769
2019-05-10,61.639999,62.490002,61.419998,61.660000,61.660000,769583
2019-05-12,null,null,null,null,null,null
2019-05-13,61.650002,63.330002,60.639999,61.040001,61.040001,786494
2019-05-14,60.860001,62.110001,60.689999,61.779999,61.779999,1003106
2019-05-15,61.369999,62.340000,60.849998,62.020000,62.020000,751668
2019-05-16,62.119999,63.480000,62.080002,62.869999,62.869999,723001
2019-05-17,63.119999,63.639999,62.520000,62.759998,62.759998,545679
2019-05-19,null,null,null,null,null,null
2019-05-20,63.529999,63.810001,62.450001,63.099998,63.099998,215802
2019-05-21,63.279999,63.599998,62.750000,62.990002,62.990002,131888
2019-05-22,62.639999,62.779999,61.029999,61.419998,61.419998,641680
2019-05-23,61.270000,61.290001,57.330002,57.910000,57.910000,766728
2019-05-24,58.209999,59.099998,57.500000,58.630001,58.630001,1108052
2019-05-26,null,null,null,null,null,null
2019-05-28,58.939999,59.570000,58.130001,59.139999,59.139999,758099
2019-05-29,59.070000,59.139999,56.880001,58.810001,58.810001,1020323
2019-05-30,59.119999,59.700001,56.330002,56.590000,56.590000,1124959
2019-05-31,56.459999,56.610001,53.049999,53.500000,53.500000,842281
2019-06-02,null,null,null,null,null,null
2019-06-03,53.419998,54.630001,52.110001,53.250000,53.250000,1031488
2019-06-04,52.889999,53.779999,52.430000,53.480000,53.480000,984308
2019-06-05,52.860001,53.410000,50.599998,51.680000,51.680000,831625
2019-06-06,51.660000,53.299999,51.169998,52.590000,52.590000,943186
2019-06-07,53.099998,54.320000,52.619999,53.990002,53.990002,790067
2019-06-09,null,null,null,null,null,null
2019-06-10,54.240002,54.840000,53.049999,53.259998,53.259998,828133
2019-06-11,53.430000,54.040001,52.910000,53.270000,53.270000,687146
2019-06-12,53.040001,53.049999,50.720001,51.139999,51.139999,642940
2019-06-13,51.070000,53.450001,50.919998,52.279999,52.279999,786105
2019-06-14,52.180000,52.980000,51.700001,52.509998,52.509998,945024
2019-06-16,null,null,null,null,null,null
2019-06-17,52.500000,52.740002,51.580002,51.930000,51.930000,574229
2019-06-18,51.950001,54.310001,51.500000,53.900002,53.900002,397868
2019-06-19,54.090000,54.419998,53.279999,53.759998,53.759998,181640
2019-06-20,54.119999,57.020000,54.110001,56.650002,56.650002,122838
2019-06-21,57.259998,57.980000,56.660000,57.430000,57.430000,854514
2019-06-23,null,null,null,null,null,null
2019-06-24,57.720001,58.220001,56.750000,57.900002,57.900002,676047
2019-06-25,57.740002,58.840000,57.200001,57.830002,57.830002,597164
2019-06-26,58.840000,59.930000,58.650002,59.380001,59.380001,673140
2019-06-27,59.270000,59.730000,58.610001,59.430000,59.430000,686817
2019-06-28,59.220001,59.799999,57.750000,58.470001,58.470001,531405
2019-06-30,null,null,null,null,null,null
2019-07-01,59.270000,60.279999,58.340000,59.090000,59.090000,556101
2019-07-02,59.139999,59.430000,56.090000,56.250000,56.250000,674887
2019-07-03,null,null,null,null,null,null
2019-07-05,57.380001,57.820000,56.290001,57.509998,57.509998,600131
2019-07-07,null,null,null,null,null,null
2019-07-08,57.770000,58.459999,57.299999,57.660000,57.660000,698015
2019-07-09,57.560001,59.099998,57.290001,57.830002,57.830002,540861
2019-07-10,58.400002,60.529999,58.349998,60.430000,60.430000,551872
2019-07-11,60.439999,60.939999,60.139999,60.200001,60.200001,690656
2019-07-12,60.459999,60.740002,59.930000,60.209999,60.209999,573019
2019-07-14,null,null,null,null,null,null
2019-07-15,60.250000,60.919998,59.200001,59.580002,59.580002,469029
2019-07-16,59.259998,60.060001,57.070000,57.619999,57.619999,566818
2019-07-17,57.520000,58.360001,56.209999,56.779999,56.779999,712540
2019-07-18,56.599998,57.320000,54.720001,55.299999,55.299999,504432
2019-07-19,55.720001,56.360001,54.990002,55.630001,55.630001,215361
2019-07-21,null,null,null,null,null,null
2019-07-22,56.220001,56.840000,55.720001,56.220001,56.220001,105217
2019-07-23,56.169998,57.470001,55.740002,56.770000,56.770000,619483
2019-07-24,57.230000,57.639999,55.330002,55.880001,55.880001,521876
2019-07-25,55.900002,56.990002,55.810001,56.020000,56.020000,745248
2019-07-26,55.930000,56.570000,55.680000,56.200001,56.200001,559282
2019-07-28,null,null,null,null,null,null
2019-07-29,56.200001,57.099998,55.810001,56.869999,56.869999,476785
2019-07-30,57.070000,58.470001,56.959999,58.049999,58.049999,529742
2019-07-31,58.340000,58.820000,57.810001,58.580002,58.580002,547401
2019-08-01,57.849998,57.990002,53.590000,53.950001,53.950001,614001
2019-08-02,54.540001,56.049999,54.150002,55.660000,55.660000,886748
2019-08-04,null,null,null,null,null,null
2019-08-05,55.380001,55.610001,54.220001,54.689999,54.689999,739810
2019-08-06,54.950001,55.419998,53.290001,53.630001,53.630001,823844
2019-08-07,53.419998,53.770000,50.520000,51.090000,51.090000,682794
2019-08-08,52.330002,53.060001,51.939999,52.540001,52.540001,1063214
2019-08-09,52.880001,54.919998,52.369999,54.500000,54.500000,724762
2019-08-11,null,null,null,null,null,null
2019-08-12,54.320000,55.180000,53.540001,54.930000,54.930000,726386
2019-08-13,54.730000,57.470001,54.209999,57.099998,57.099998,611027
2019-08-14,56.740002,56.849998,53.970001,55.230000,55.230000,783486
2019-08-15,54.900002,55.330002,53.770000,54.470001,54.470001,718293
2019-08-16,54.740002,55.669998,54.259998,54.869999,54.869999,527866
2019-08-18,null,null,null,null,null,null
2019-08-19,54.959999,56.410000,54.840000,56.209999,56.209999,168345
2019-08-20,56.099998,56.599998,55.279999,56.340000,56.340000,113571
2019-08-21,56.049999,57.130001,55.549999,55.680000,55.680000,659258
2019-08-22,55.939999,56.459999,54.849998,55.349998,55.349998,704035
2019-08-23,55.349998,55.599998,53.240002,54.169998,54.169998,621573
2019-08-25,null,null,null,null,null,null
2019-08-26,53.250000,55.259998,52.959999,53.639999,53.639999,807151
2019-08-27,53.759998,55.720001,53.689999,54.930000,54.930000,679022
2019-08-28,55.709999,56.750000,55.340000,55.779999,55.779999,596624
2019-08-29,55.880001,56.889999,55.430000,56.709999,56.709999,674048
2019-08-30,56.630001,56.720001,54.549999,55.099998,55.099998,630760
2019-09-01,null,null,null,null,null,null
2019-09-03,55.000000,55.240002,52.840000,53.939999,53.939999,708268
2019-09-04,53.919998,56.580002,53.840000,56.259998,56.259998,970804
2019-09-05,55.950001,57.759998,55.750000,56.299999,56.299999,682298
2019-09-06,56.189999,56.950001,54.830002,56.520000,56.520000,712466
2019-09-08,null,null,null,null,null,null
2019-09-09,56.799999,58.160000,56.580002,57.849998,57.849998,714294
2019-09-10,58.029999,58.759998,57.200001,57.400002,57.400002,646993
2019-09-11,57.889999,58.299999,55.610001,55.750000,55.750000,755472
2019-09-12,55.930000,56.340000,54.000000,55.090000,55.090000,858772
2019-09-13,55.150002,55.680000,54.439999,54.849998,54.849998,845977
2019-09-15,null,null,null,null,null,null
2019-09-16,61.480000,63.380001,58.770000,62.900002,62.900002,599470
2019-09-17,61.959999,62.590000,58.459999,59.340000,59.340000,1404916
2019-09-18,58.810001,59.430000,57.669998,58.110001,58.110001,993237
2019-09-19,58.200001,59.540001,58.009998,58.130001,58.130001,216961
2019-09-20,58.650002,59.099998,57.790001,58.090000,58.090000,112327
2019-09-22,null,null,null,null,null,null
2019-09-23,59.250000,59.389999,57.369999,58.639999,58.639999,576019
2019-09-24,58.439999,58.490002,56.689999,57.290001,57.290001,526785
2019-09-25,56.700001,57.020000,55.549999,56.490002,56.490002,591529
2019-09-26,56.689999,56.840000,55.410000,56.410000,56.410000,563550
2019-09-27,56.509998,56.759998,54.750000,55.910000,55.910000,599653
2019-09-29,null,null,null,null,null,null
2019-09-30,56.540001,56.570000,53.980000,54.070000,54.070000,712966
2019-10-01,54.279999,54.840000,53.049999,53.619999,53.619999,532522
2019-10-02,54.000000,54.419998,52.169998,52.639999,52.639999,589176
2019-10-03,52.470001,52.910000,50.990002,52.450001,52.450001,590306
2019-10-04,52.290001,53.349998,52.040001,52.810001,52.810001,642466
2019-10-06,null,null,null,null,null,null
2019-10-07,52.689999,54.060001,52.590000,52.750000,52.750000,541104
2019-10-08,52.810001,53.270000,51.810001,52.630001,52.630001,549019
2019-10-09,52.570000,53.740002,52.310001,52.590000,52.590000,658324
2019-10-10,52.689999,53.970001,51.380001,53.549999,53.549999,632666
2019-10-11,53.880001,54.930000,53.639999,54.700001,54.700001,613944
2019-10-13,null,null,null,null,null,null
2019-10-14,54.900002,54.900002,52.770000,53.590000,53.590000,467643
2019-10-15,53.509998,53.790001,52.389999,52.810001,52.810001,467643
2019-10-16,52.919998,53.740002,52.520000,53.360001,53.360001,511249
2019-10-17,52.990002,54.160000,52.619999,53.930000,53.930000,451643
2019-10-18,54.090000,54.619999,53.349998,53.779999,53.779999,418422
2019-10-20,null,null,null,null,null,null
2019-10-21,53.709999,54.029999,52.709999,53.310001,53.310001,174477
2019-10-22,53.389999,54.619999,53.099998,54.160000,54.160000,95979
2019-10-23,54.299999,56.070000,53.619999,55.970001,55.970001,506573
2019-10-24,55.900002,56.509998,55.410000,56.230000,56.230000,620202
2019-10-25,56.070000,56.740002,55.599998,56.660000,56.660000,480764
2019-10-27,null,null,null,null,null,null
2019-10-28,56.650002,56.919998,55.580002,55.810001,55.810001,445020
2019-10-29,55.799999,55.910000,54.610001,55.540001,55.540001,437020
2019-10-30,55.529999,55.730000,54.419998,55.060001,55.060001,521457
2019-10-31,54.900002,55.590000,53.709999,54.180000,54.180000,659328
2019-11-01,54.150002,56.330002,54.070000,56.200001,56.200001,677419
2019-11-03,null,null,null,null,null,null
2019-11-04,56.410000,57.430000,55.830002,56.540001,56.540001,538117
2019-11-05,56.560001,57.500000,56.299999,57.230000,57.230000,580350
2019-11-06,57.259998,57.849998,56.110001,56.349998,56.349998,435319
2019-11-07,56.349998,57.880001,56.270000,57.150002,57.150002,623258
2019-11-08,57.080002,57.480000,55.759998,57.240002,57.240002,678165
2019-11-10,null,null,null,null,null,null
2019-11-11,57.400002,57.400002,56.250000,56.860001,56.860001,636941
2019-11-12,56.889999,57.549999,56.540001,56.799999,56.799999,498981
2019-11-13,56.790001,57.529999,56.200001,57.119999,57.119999,586568
2019-11-14,57.389999,57.790001,56.630001,56.770000,56.770000,547635
2019-11-15,56.910000,57.970001,56.430000,57.720001,57.720001,516832
2019-11-17,null,null,null,null,null,null
2019-11-18,57.880001,58.090000,56.549999,57.049999,57.049999,375993
2019-11-19,56.900002,57.110001,55.040001,55.209999,55.209999,159328
2019-11-20,55.160000,57.250000,54.759998,57.110001,57.110001,121214
2019-11-21,57.000000,58.669998,56.599998,58.580002,58.580002,674891
2019-11-22,58.310001,58.740002,57.500000,57.770000,57.770000,593533
2019-11-24,null,null,null,null,null,null
2019-11-25,57.919998,58.150002,57.209999,58.009998,58.009998,508244
2019-11-26,57.919998,58.560001,57.759998,58.410000,58.410000,420642
2019-11-27,58.270000,58.680000,57.509998,58.110001,58.110001,443816
2019-11-29,null,null,null,null,null,null
2019-12-01,null,null,null,null,null,null
2019-12-02,55.470001,56.669998,55.419998,55.959999,55.959999,718724
2019-12-03,55.959999,56.799999,55.349998,56.099998,56.099998,616423
2019-12-04,56.430000,58.660000,56.279999,58.430000,58.430000,560554
2019-12-05,58.360001,59.119999,58.099998,58.430000,58.430000,760541
2019-12-06,58.320000,59.849998,57.700001,59.200001,59.200001,649461
2019-12-08,null,null,null,null,null,null
2019-12-09,59.110001,59.250000,58.230000,59.020000,59.020000,679609
2019-12-10,58.919998,59.520000,58.520000,59.240002,59.240002,511561
2019-12-11,59.060001,59.220001,58.110001,58.759998,58.759998,566822
2019-12-12,58.880001,59.720001,58.750000,59.180000,59.180000,589650
2019-12-13,59.360001,60.480000,59.270000,60.070000,60.070000,530851
2019-12-15,null,null,null,null,null,null
2019-12-16,59.869999,60.340000,59.709999,60.209999,60.209999,512288
2019-12-17,60.230000,61.060001,60.029999,60.939999,60.939999,347395
2019-12-18,60.549999,61.180000,60.320000,60.930000,60.930000,163744
2019-12-19,60.860001,61.470001,60.790001,61.220001,61.220001,131071
2019-12-20,61.110001,61.200001,60.020000,60.439999,60.439999,426341
2019-12-22,null,null,null,null,null,null
2019-12-23,60.410000,60.770000,60.099998,60.520000,60.520000,552517
2019-12-24,null,null,null,null,null,null
2019-12-26,61.200001,61.830002,61.060001,61.680000,61.680000,204535
2019-12-27,61.730000,61.970001,61.240002,61.720001,61.720001,265091
2019-12-29,null,null,null,null,null,null
2019-12-30,61.709999,62.340000,61.090000,61.680000,61.680000,351899
2019-12-31,61.680000,61.880001,60.630001,61.060001,61.060001,427149
2020-01-02,61.599998,61.599998,60.639999,61.180000,61.180000,494535
2020-01-03,61.180000,64.089996,61.130001,63.049999,63.049999,486873
2020-01-05,null,null,null,null,null,null
2020-01-06,63.709999,64.720001,62.639999,63.270000,63.270000,885861
2020-01-07,62.910000,63.150002,62.110001,62.700001,62.700001,724236
2020-01-08,62.840000,65.650002,59.150002,59.610001,59.610001,582649
2020-01-09,59.990002,60.310001,58.660000,59.560001,59.560001,1205710
2020-01-10,59.610001,59.779999,58.849998,59.040001,59.040001,750933
2020-01-12,null,null,null,null,null,null
2020-01-13,59.040001,59.270000,57.910000,58.080002,58.080002,596186
2020-01-14,58.029999,58.720001,57.720001,58.230000,58.230000,584002
2020-01-15,58.200001,58.360001,57.360001,57.810001,57.810001,507714
2020-01-16,58.099998,58.869999,57.560001,58.520000,58.520000,433169
2020-01-17,58.590000,58.980000,58.270000,58.540001,58.540001,182871
2020-01-19,null,null,null,null,null,null
2020-01-21,59.169998,59.730000,57.680000,58.340000,58.340000,122561
2020-01-22,58.259998,58.380001,56.029999,56.740002,56.740002,648335
2020-01-23,56.110001,56.270000,54.770000,55.590000,55.590000,620119
2020-01-24,55.689999,55.950001,53.849998,54.189999,54.189999,703995
2020-01-26,53.700001,53.709999,52.150002,52.639999,52.639999,1009546
2020-01-27,53.700001,53.709999,52.130001,53.139999,53.139999,586195
2020-01-28,52.770000,54.060001,52.680000,53.480000,53.480000,712880
2020-01-29,53.970001,54.369999,52.810001,53.330002,53.330002,633963
2020-01-30,53.090000,53.200001,51.660000,52.139999,52.139999,624979
2020-01-31,52.919998,53.360001,50.970001,51.560001,51.560001,720123
2020-02-02,51.009998,51.270000,50.580002,51.009998,51.009998,568976
2020-02-03,51.009998,51.970001,49.799999,50.110001,50.110001,827907
2020-02-04,49.939999,51.549999,49.310001,49.610001,49.610001,876044
2020-02-05,49.509998,51.880001,49.470001,50.750000,50.750000,859357
2020-02-06,51.169998,52.200001,50.240002,50.950001,50.950001,887946
2020-02-07,51.110001,51.480000,50.090000,50.320000,50.320000,750659
2020-02-09,50.110001,50.160000,49.560001,49.759998,49.759998,479627
2020-02-10,50.119999,50.490002,49.419998,49.570000,49.570000,768345
2020-02-11,49.610001,50.689999,49.580002,49.939999,49.939999,715894
2020-02-12,49.959999,51.730000,49.950001,51.169998,51.169998,725733
2020-02-13,51.720001,51.959999,50.599998,51.419998,51.419998,795256
2020-02-14,51.509998,52.340000,51.320000,52.049999,52.049999,745400
2020-02-16,52.200001,52.410000,52.099998,52.180000,52.180000,19935
2020-02-18,52.230000,52.410000,50.880001,52.049999,52.049999,607343
2020-02-19,52.119999,53.660000,51.930000,53.290001,53.290001,221774
2020-02-20,53.500000,54.500000,53.220001,53.779999,53.779999,113683
2020-02-21,53.740002,53.860001,52.549999,53.380001,53.380001,676179
2020-02-23,52.599998,52.639999,51.660000,52.080002,52.080002,1339288
2020-02-24,52.599998,52.639999,50.450001,51.430000,51.430000,707555
2020-02-25,51.369999,52.020000,49.689999,49.900002,49.900002,765515
2020-02-26,50.080002,50.439999,48.299999,48.730000,48.730000,764989
2020-02-27,47.939999,48.380001,45.880001,46.810001,46.810001,447356482
2020-02-28,46.490002,47.029999,43.849998,47.090000,47.090000,1059301
2020-03-01,43.720001,44.700001,43.410000,44.570000,44.570000,1006074
2020-03-02,43.700001,47.560001,43.320000,44.759998,44.759998,918575
2020-03-03,47.720001,48.660000,46.470001,46.750000,46.750000,985670
2020-03-04,46.939999,48.410000,46.650002,47.180000,47.180000,724225
2020-03-05,47.130001,47.570000,45.650002,46.779999,46.779999,683404
2020-03-06,46.090000,46.380001,41.049999,45.900002,45.900002,1204734
2020-03-08,32.869999,33.590000,30.000000,32.540001,32.540001,9965471
2020-03-09,32.869999,34.880001,27.340000,41.279999,41.279999,1693652
2020-03-10,30.370001,35.020000,30.200001,31.129999,31.129999,997569
2020-03-11,34.619999,36.349998,32.560001,34.360001,34.360001,824665
2020-03-12,33.070000,33.630001,30.020000,32.980000,32.980000,963502
2020-03-13,31.180000,33.869999,31.129999,32.930000,32.930000,331620435
2020-03-15,33.750000,33.750000,29.750000,30.410000,30.410000,3821877
2020-03-16,33.750000,33.750000,28.100000,31.730000,31.730000,663525
2020-03-17,28.690001,30.299999,26.629999,28.700001,28.700001,521494
2020-03-18,27.299999,27.600000,20.520000,27.330000,27.330000,912915
2020-03-19,22.820000,28.280001,21.770000,20.830000,20.830000,1079855
2020-03-20,25.590000,28.490000,22.389999,25.910000,25.910000,1092222
2020-03-22,22.660000,23.070000,20.799999,21.540001,21.540001,3636920
2020-03-23,22.709999,24.600000,21.790001,24.450001,24.450001,409601397
2020-03-24,24.139999,25.160000,23.090000,24.549999,24.549999,300012410
2020-03-25,24.830000,25.070000,22.910000,24.309999,24.309999,290110034
2020-03-26,24.170000,24.219999,22.379999,23.049999,23.049999,270451784
2020-03-27,23.080000,23.139999,20.879999,21.840000,21.840000,250723427
2020-03-29,20.930000,20.930000,19.920000,20.280001,20.280001,3327282
2020-03-30,20.490000,20.860001,19.270000,20.480000,20.480000,330406475
2020-03-31,21.290001,21.889999,20.010000,20.280001,20.280001,291017478
2020-04-01,20.549999,21.549999,19.900000,21.190001,21.190001,287464316
2020-04-02,21.250000,27.379999,21.219999,24.770000,24.770000,437151540
2020-04-03,24.110001,29.129999,23.680000,29.000000,29.000000,459935470
2020-04-05,null,null,null,null,null,null
2020-04-06,27.350000,28.240000,25.910000,26.830000,26.830000,383195654
2020-04-07,26.340000,27.240000,23.540001,26.080000,26.080000,686575
2020-04-08,24.920000,26.610001,23.740000,26.410000,26.410000,281838965
2020-04-09,25.950001,28.360001,22.570000,23.190001,23.190001,390788314
2020-04-12,24.600000,24.740000,22.030001,23.190001,23.190001,4891149
2020-04-13,23.870001,24.000000,22.299999,22.920000,22.920000,351557434
2020-04-14,22.709999,22.799999,19.950001,20.860001,20.860001,278725912
2020-04-15,20.610001,20.620001,19.200001,20.290001,20.290001,237443066
2020-04-16,20.010000,20.400000,19.420000,19.900000,19.900000,147195040
2020-04-17,19.709999,19.750000,17.309999,18.120001,18.120001,111353145
2020-04-19,17.559999,17.559999,16.930000,17.040001,17.040001,343713
2020-04-20,15.270000,15.310000,-39.439999,-2.720000,-2.720000,72609436
2020-04-21,1.400000,13.860000,0.010000,9.060000,9.060000,1771636
2020-04-22,13.120000,16.180000,10.260000,11.570000,11.570000,1141771
2020-04-23,15.040000,18.260000,14.450000,17.170000,17.170000,360636800
2020-04-24,17.830000,17.969999,15.640000,17.180000,17.180000,269789277
2020-04-26,16.500000,16.790001,16.440001,16.670000,16.670000,967319
2020-04-27,15.690000,15.690000,11.880000,12.340000,12.340000,282967221
2020-04-28,11.100000,13.850000,10.070000,13.400000,13.400000,411961998
2020-04-29,13.350000,16.780001,12.670000,12.340000,12.340000,510049
2020-04-30,15.640000,19.440001,15.450000,15.060000,15.060000,501420
2020-05-01,19.040001,20.480000,18.070000,18.840000,18.840000,368386
2020-05-03,19.170000,19.530001,18.500000,18.610001,18.610001,1107707
2020-05-04,19.110001,21.420000,18.049999,19.780001,19.780001,286630
2020-05-05,21.809999,26.080000,21.610001,25.790001,25.790001,168837572
2020-05-06,24.430000,25.580000,22.580000,23.780001,23.780001,171213275
2020-05-07,23.980000,26.740000,22.940001,23.590000,23.590000,122681614
2020-05-08,23.879999,24.990000,23.340000,24.629999,24.629999,77581336
2020-05-10,24.500000,24.750000,24.129999,24.660000,24.660000,347100
2020-05-11,24.549999,25.580000,23.670000,24.510000,24.510000,66964302
2020-05-12,24.379999,26.230000,24.219999,25.230000,25.230000,58446322
2020-05-13,25.590000,26.450001,24.790001,25.690001,25.690001,46534496
2020-05-14,25.480000,27.959999,25.440001,27.730000,27.730000,44854164
2020-05-15,27.840000,29.920000,27.690001,29.650000,29.650000,32483447
2020-05-17,29.530001,30.320000,29.530001,30.270000,30.270000,45586
2020-05-18,30.490000,33.439999,30.430000,33.230000,33.230000,15106613
2020-05-19,32.549999,33.150002,31.340000,32.360001,32.360001,1172441
2020-05-20,31.670000,33.779999,31.629999,33.599998,33.599998,162020714
2020-05-21,33.660000,34.660000,33.259998,33.889999,33.889999,165892745
2020-05-22,31.840000,33.639999,31.320000,33.560001,33.560001,234556276
2020-05-24,33.060001,33.090000,32.790001,33.000000,33.000000,460067
2020-05-25,33.599998,34.180000,33.270000,34.000000,34.000000,63305191
2020-05-26,34.180000,34.810001,33.380001,34.029999,34.029999,259033666
2020-05-27,34.200001,34.279999,31.139999,31.730000,31.730000,174923575
2020-05-28,31.350000,34.209999,31.299999,33.610001,33.610001,201396421
2020-05-29,33.150002,35.770000,32.360001,35.320000,35.320000,167705030
2020-05-31,35.270000,35.419998,35.240002,35.299999,35.299999,186579
2020-06-01,35.310001,35.750000,34.270000,35.459999,35.459999,172722029
2020-06-02,35.700001,37.380001,35.549999,37.259998,37.259998,138842394
2020-06-03,37.549999,38.180000,35.880001,36.910000,36.910000,215830430
2020-06-04,36.520000,37.619999,36.419998,37.250000,37.250000,119511139
2020-06-05,37.400002,39.680000,37.310001,38.970001,38.970001,161925648
2020-06-07,39.410000,40.439999,39.279999,40.419998,40.419998,1508496
2020-06-08,39.930000,40.250000,37.959999,38.590000,38.590000,200761658
2020-06-09,38.549999,39.099998,37.070000,38.389999,38.389999,172221895
2020-06-10,38.189999,39.910000,37.730000,38.730000,38.730000,150202639
2020-06-11,38.320000,38.570000,35.410000,35.790001,35.790001,209485989
2020-06-12,35.639999,36.990002,34.880001,36.560001,36.560001,150899143
2020-06-14,36.029999,36.119999,35.330002,35.590000,35.590000,770353
2020-06-15,35.200001,37.439999,34.360001,37.259998,37.259998,167872483
2020-06-16,36.910000,39.060001,36.779999,37.810001,37.810001,146935241
2020-06-17,37.299999,38.750000,37.270000,37.439999,37.439999,99872365
2020-06-18,37.509998,39.500000,37.330002,39.290001,39.290001,39886810
2020-06-19,39.220001,40.490002,38.400002,39.430000,39.430000,13956420